-- Run when using MySQL + Hibernate (Flyway disabled). UUID columns are CHAR(36) per JPA config.
-- Idempotent: INSERT IGNORE skips duplicates on primary/unique keys.
-- mysql -u root -p hotel_booking < scripts/mysql-seed-more-data.sql

SET @ts = UTC_TIMESTAMP(3);

INSERT IGNORE INTO amenities (id, name) VALUES
  ('a1000000-0000-4000-8000-000000000001', 'Gym'),
  ('a1000000-0000-4000-8000-000000000002', 'Spa'),
  ('a1000000-0000-4000-8000-000000000003', 'Parking'),
  ('a1000000-0000-4000-8000-000000000004', 'Room Service'),
  ('a1000000-0000-4000-8000-000000000005', 'Business Center');

INSERT IGNORE INTO hotels (id, name, description, address, city, country, star_rating, created_at) VALUES
  ('c2a10000-0000-4000-8000-000000000001', 'HCL Urban Suites', 'Modern suites near tech parks with gym and workspace.', '42 MG Road', 'Bangalore', 'India', 4, @ts),
  ('c2a10000-0000-4000-8000-000000000002', 'HCL Heritage Mumbai', 'Colonial charm with spa and fine dining.', '18 Marine Drive', 'Mumbai', 'India', 5, @ts),
  ('c2a10000-0000-4000-8000-000000000003', 'HCL Plaza Hyderabad', 'Convention-friendly hotel with airport shuttle.', '9 Hitech City', 'Hyderabad', 'India', 4, @ts);

INSERT IGNORE INTO hotel_amenities (hotel_id, amenity_id) VALUES
  ('c2a10000-0000-4000-8000-000000000001', '11111111-1111-1111-1111-111111111111'),
  ('c2a10000-0000-4000-8000-000000000001', '33333333-3333-3333-3333-333333333333'),
  ('c2a10000-0000-4000-8000-000000000001', 'a1000000-0000-4000-8000-000000000001'),
  ('c2a10000-0000-4000-8000-000000000001', 'a1000000-0000-4000-8000-000000000005'),
  ('c2a10000-0000-4000-8000-000000000002', '11111111-1111-1111-1111-111111111111'),
  ('c2a10000-0000-4000-8000-000000000002', '22222222-2222-2222-2222-222222222222'),
  ('c2a10000-0000-4000-8000-000000000002', 'a1000000-0000-4000-8000-000000000002'),
  ('c2a10000-0000-4000-8000-000000000002', 'a1000000-0000-4000-8000-000000000004'),
  ('c2a10000-0000-4000-8000-000000000003', '11111111-1111-1111-1111-111111111111'),
  ('c2a10000-0000-4000-8000-000000000003', '33333333-3333-3333-3333-333333333333'),
  ('c2a10000-0000-4000-8000-000000000003', 'a1000000-0000-4000-8000-000000000003'),
  ('c2a10000-0000-4000-8000-000000000003', 'a1000000-0000-4000-8000-000000000004');

INSERT IGNORE INTO room_types (id, hotel_id, name, description, max_occupancy, base_price_per_night, currency) VALUES
  ('c2a20000-0000-4000-8000-000000000001', 'c2a10000-0000-4000-8000-000000000001', 'Standard', 'Queen bed, work desk, city view.', 2, 5200.00, 'INR'),
  ('c2a20000-0000-4000-8000-000000000002', 'c2a10000-0000-4000-8000-000000000001', 'Executive', 'Larger room, lounge access.', 3, 7800.00, 'INR'),
  ('c2a20000-0000-4000-8000-000000000003', 'c2a10000-0000-4000-8000-000000000002', 'Deluxe Sea', 'Sea-facing deluxe with balcony.', 2, 12500.00, 'INR'),
  ('c2a20000-0000-4000-8000-000000000004', 'c2a10000-0000-4000-8000-000000000002', 'Presidential', 'Top-floor suite with butler service.', 4, 28000.00, 'INR'),
  ('c2a20000-0000-4000-8000-000000000005', 'c2a10000-0000-4000-8000-000000000003', 'Club Room', 'Club floor, breakfast included.', 2, 6800.00, 'INR'),
  ('c2a20000-0000-4000-8000-000000000006', 'c2a10000-0000-4000-8000-000000000003', 'Twin Business', 'Two beds ideal for colleagues.', 2, 5900.00, 'INR');

INSERT IGNORE INTO room_inventory (id, room_type_id, room_label, is_active) VALUES
  ('c2a30000-0000-4000-8000-000000000001', 'c2a20000-0000-4000-8000-000000000001', 'BLR-STD-01', 1),
  ('c2a30000-0000-4000-8000-000000000002', 'c2a20000-0000-4000-8000-000000000001', 'BLR-STD-02', 1),
  ('c2a30000-0000-4000-8000-000000000003', 'c2a20000-0000-4000-8000-000000000001', 'BLR-STD-03', 1),
  ('c2a30000-0000-4000-8000-000000000004', 'c2a20000-0000-4000-8000-000000000002', 'BLR-EXE-01', 1),
  ('c2a30000-0000-4000-8000-000000000005', 'c2a20000-0000-4000-8000-000000000002', 'BLR-EXE-02', 1),
  ('c2a30000-0000-4000-8000-000000000006', 'c2a20000-0000-4000-8000-000000000003', 'MUM-DLX-01', 1),
  ('c2a30000-0000-4000-8000-000000000007', 'c2a20000-0000-4000-8000-000000000003', 'MUM-DLX-02', 1),
  ('c2a30000-0000-4000-8000-000000000008', 'c2a20000-0000-4000-8000-000000000004', 'MUM-PRE-01', 1),
  ('c2a30000-0000-4000-8000-000000000009', 'c2a20000-0000-4000-8000-000000000005', 'HYD-CLB-01', 1),
  ('c2a30000-0000-4000-8000-000000000010', 'c2a20000-0000-4000-8000-000000000005', 'HYD-CLB-02', 1),
  ('c2a30000-0000-4000-8000-000000000011', 'c2a20000-0000-4000-8000-000000000006', 'HYD-TWN-01', 1),
  ('c2a30000-0000-4000-8000-000000000012', 'c2a20000-0000-4000-8000-000000000006', 'HYD-TWN-02', 1),
  ('c2a30000-0000-4000-8000-000000000013', 'cccccccc-cccc-cccc-cccc-cccccccccccc', 'STD-103', 1),
  ('c2a30000-0000-4000-8000-000000000014', 'dddddddd-dddd-dddd-dddd-dddddddddddd', 'DLX-202', 1);

INSERT IGNORE INTO users (id, email, password_hash, full_name, role, created_at) VALUES
  ('c2a40000-0000-4000-8000-000000000001', 'priya.customer@test.com', '$2a$10$4.kK6Krg8OFvktKIOFmsJ./OCKV7uHv1Rx6eQ.xWL53x5JlUwk2Ju', 'Priya Sharma', 'CUSTOMER', @ts),
  ('c2a40000-0000-4000-8000-000000000002', 'arjun.customer@test.com', '$2a$10$4.kK6Krg8OFvktKIOFmsJ./OCKV7uHv1Rx6eQ.xWL53x5JlUwk2Ju', 'Arjun Mehta', 'CUSTOMER', @ts);

INSERT IGNORE INTO bookings (id, user_id, room_inventory_id, check_in, check_out, guest_count, status, total_amount, currency, created_at, updated_at) VALUES
  ('c2a50000-0000-4000-8000-000000000001', 'c2a40000-0000-4000-8000-000000000001', 'c2a30000-0000-4000-8000-000000000001', DATE_ADD(CURDATE(), INTERVAL 10 DAY), DATE_ADD(CURDATE(), INTERVAL 12 DAY), 2, 'PENDING', 10400.00, 'INR', @ts, @ts),
  ('c2a50000-0000-4000-8000-000000000002', 'c2a40000-0000-4000-8000-000000000002', 'c2a30000-0000-4000-8000-000000000006', DATE_ADD(CURDATE(), INTERVAL 5 DAY), DATE_ADD(CURDATE(), INTERVAL 7 DAY), 2, 'CONFIRMED', 25000.00, 'INR', @ts, @ts),
  ('c2a50000-0000-4000-8000-000000000003', '99999999-9999-9999-9999-999999999993', 'c2a30000-0000-4000-8000-000000000009', CURDATE(), DATE_ADD(CURDATE(), INTERVAL 1 DAY), 1, 'CHECKED_IN', 6800.00, 'INR', @ts, @ts),
  ('c2a50000-0000-4000-8000-000000000004', '99999999-9999-9999-9999-999999999993', 'c2a30000-0000-4000-8000-000000000011', DATE_SUB(CURDATE(), INTERVAL 5 DAY), DATE_SUB(CURDATE(), INTERVAL 3 DAY), 2, 'COMPLETED', 11800.00, 'INR', @ts, @ts);
