-- Extra amenities (valid UUIDs = hex only)
INSERT INTO amenities (id, name) VALUES
  ('a1000000-0000-4000-8000-000000000001', 'Gym'),
  ('a1000000-0000-4000-8000-000000000002', 'Spa'),
  ('a1000000-0000-4000-8000-000000000003', 'Parking'),
  ('a1000000-0000-4000-8000-000000000004', 'Room Service'),
  ('a1000000-0000-4000-8000-000000000005', 'Business Center')
ON CONFLICT (id) DO NOTHING;

-- Extra hotels (Bangalore, Mumbai, Hyderabad)
INSERT INTO hotels (id, name, description, address, city, country, star_rating) VALUES
  ('c2a10000-0000-4000-8000-000000000001', 'HCL Urban Suites', 'Modern suites near tech parks with gym and workspace.', '42 MG Road', 'Bangalore', 'India', 4),
  ('c2a10000-0000-4000-8000-000000000002', 'HCL Heritage Mumbai', 'Colonial charm with spa and fine dining.', '18 Marine Drive', 'Mumbai', 'India', 5),
  ('c2a10000-0000-4000-8000-000000000003', 'HCL Plaza Hyderabad', 'Convention-friendly hotel with airport shuttle.', '9 Hitech City', 'Hyderabad', 'India', 4)
ON CONFLICT (id) DO NOTHING;

INSERT INTO hotel_amenities (hotel_id, amenity_id) VALUES
  ('c2a10000-0000-4000-8000-000000000001', '11111111-1111-1111-1111-111111111111'),
  ('c2a10000-0000-4000-8000-000000000001', '33333333-3333-3333-3333-333333333333'),
  ('c2a10000-0000-4000-8000-000000000001', 'a1000000-0000-4000-8000-000000000001'),
  ('c2a10000-0000-4000-8000-000000000001', 'a1000000-0000-4000-8000-000000000005'),
  ('c2a10000-0000-4000-8000-000000000002', '11111111-1111-1111-1111-111111111111'),
  ('c2a10000-0000-4000-8000-000000000002', '22222222-2222-2222-2222-222222222222'),
  ('c2a10000-0000-4000-8000-000000000002', 'a1000000-0000-4000-8000-000000000002'),
  ('c2a10000-0000-4000-8000-000000000002', 'a1000000-0000-4000-8000-000000000004'),
  ('c2a10000-0000-4000-8000-000000000003', '11111111-1111-1111-1111-111111111111'),
  ('c2a10000-0000-4000-8000-000000000003', '33333333-3333-3333-3333-333333333333'),
  ('c2a10000-0000-4000-8000-000000000003', 'a1000000-0000-4000-8000-000000000003'),
  ('c2a10000-0000-4000-8000-000000000003', 'a1000000-0000-4000-8000-000000000004')
ON CONFLICT (hotel_id, amenity_id) DO NOTHING;

INSERT INTO room_types (id, hotel_id, name, description, max_occupancy, base_price_per_night, currency) VALUES
  ('c2a20000-0000-4000-8000-000000000001', 'c2a10000-0000-4000-8000-000000000001', 'Standard', 'Queen bed, work desk, city view.', 2, 5200.00, 'INR'),
  ('c2a20000-0000-4000-8000-000000000002', 'c2a10000-0000-4000-8000-000000000001', 'Executive', 'Larger room, lounge access.', 3, 7800.00, 'INR'),
  ('c2a20000-0000-4000-8000-000000000003', 'c2a10000-0000-4000-8000-000000000002', 'Deluxe Sea', 'Sea-facing deluxe with balcony.', 2, 12500.00, 'INR'),
  ('c2a20000-0000-4000-8000-000000000004', 'c2a10000-0000-4000-8000-000000000002', 'Presidential', 'Top-floor suite with butler service.', 4, 28000.00, 'INR'),
  ('c2a20000-0000-4000-8000-000000000005', 'c2a10000-0000-4000-8000-000000000003', 'Club Room', 'Club floor, breakfast included.', 2, 6800.00, 'INR'),
  ('c2a20000-0000-4000-8000-000000000006', 'c2a10000-0000-4000-8000-000000000003', 'Twin Business', 'Two beds ideal for colleagues.', 2, 5900.00, 'INR')
ON CONFLICT (id) DO NOTHING;

INSERT INTO room_inventory (id, room_type_id, room_label, is_active) VALUES
  ('c2a30000-0000-4000-8000-000000000001', 'c2a20000-0000-4000-8000-000000000001', 'BLR-STD-01', true),
  ('c2a30000-0000-4000-8000-000000000002', 'c2a20000-0000-4000-8000-000000000001', 'BLR-STD-02', true),
  ('c2a30000-0000-4000-8000-000000000003', 'c2a20000-0000-4000-8000-000000000001', 'BLR-STD-03', true),
  ('c2a30000-0000-4000-8000-000000000004', 'c2a20000-0000-4000-8000-000000000002', 'BLR-EXE-01', true),
  ('c2a30000-0000-4000-8000-000000000005', 'c2a20000-0000-4000-8000-000000000002', 'BLR-EXE-02', true),
  ('c2a30000-0000-4000-8000-000000000006', 'c2a20000-0000-4000-8000-000000000003', 'MUM-DLX-01', true),
  ('c2a30000-0000-4000-8000-000000000007', 'c2a20000-0000-4000-8000-000000000003', 'MUM-DLX-02', true),
  ('c2a30000-0000-4000-8000-000000000008', 'c2a20000-0000-4000-8000-000000000004', 'MUM-PRE-01', true),
  ('c2a30000-0000-4000-8000-000000000009', 'c2a20000-0000-4000-8000-000000000005', 'HYD-CLB-01', true),
  ('c2a30000-0000-4000-8000-000000000010', 'c2a20000-0000-4000-8000-000000000005', 'HYD-CLB-02', true),
  ('c2a30000-0000-4000-8000-000000000011', 'c2a20000-0000-4000-8000-000000000006', 'HYD-TWN-01', true),
  ('c2a30000-0000-4000-8000-000000000012', 'c2a20000-0000-4000-8000-000000000006', 'HYD-TWN-02', true)
ON CONFLICT (id) DO NOTHING;

INSERT INTO room_inventory (id, room_type_id, room_label, is_active) VALUES
  ('c2a30000-0000-4000-8000-000000000013', 'cccccccc-cccc-cccc-cccc-cccccccccccc', 'STD-103', true),
  ('c2a30000-0000-4000-8000-000000000014', 'dddddddd-dddd-dddd-dddd-dddddddddddd', 'DLX-202', true)
ON CONFLICT (id) DO NOTHING;

-- Password@123 (same bcrypt as V2 seed)
INSERT INTO users (id, email, password_hash, full_name, role) VALUES
  ('c2a40000-0000-4000-8000-000000000001', 'priya.customer@test.com', '$2a$10$4.kK6Krg8OFvktKIOFmsJ./OCKV7uHv1Rx6eQ.xWL53x5JlUwk2Ju', 'Priya Sharma', 'CUSTOMER'),
  ('c2a40000-0000-4000-8000-000000000002', 'arjun.customer@test.com', '$2a$10$4.kK6Krg8OFvktKIOFmsJ./OCKV7uHv1Rx6eQ.xWL53x5JlUwk2Ju', 'Arjun Mehta', 'CUSTOMER')
ON CONFLICT (id) DO NOTHING;

INSERT INTO bookings (id, user_id, room_inventory_id, check_in, check_out, guest_count, status, total_amount, currency) VALUES
  ('c2a50000-0000-4000-8000-000000000001', 'c2a40000-0000-4000-8000-000000000001', 'c2a30000-0000-4000-8000-000000000001', CURRENT_DATE + 10, CURRENT_DATE + 12, 2, 'PENDING', 10400.00, 'INR'),
  ('c2a50000-0000-4000-8000-000000000002', 'c2a40000-0000-4000-8000-000000000002', 'c2a30000-0000-4000-8000-000000000006', CURRENT_DATE + 5, CURRENT_DATE + 7, 2, 'CONFIRMED', 25000.00, 'INR'),
  ('c2a50000-0000-4000-8000-000000000003', '99999999-9999-9999-9999-999999999993', 'c2a30000-0000-4000-8000-000000000009', CURRENT_DATE, CURRENT_DATE + 1, 1, 'CHECKED_IN', 6800.00, 'INR'),
  ('c2a50000-0000-4000-8000-000000000004', '99999999-9999-9999-9999-999999999993', 'c2a30000-0000-4000-8000-000000000011', CURRENT_DATE - 5, CURRENT_DATE - 3, 2, 'COMPLETED', 11800.00, 'INR')
ON CONFLICT (id) DO NOTHING;
